rank,title,hot_value,crawl_time
1,守住耕地这个命根子,7993237,2025-06-27 00:55:19.187434
2,“全球第一网红”也想来中国,7952385,2025-06-27 00:55:19.187434
3,小米YU7标准版定价25.35万,7979609,2025-06-27 00:55:19.187434
4,六部门联合划重点、指方向,7972795,2025-06-27 00:55:19.187434
5,东北资源枯竭报告,7816490,2025-06-27 00:55:19.187434
6,中国男子在美国拍短剧年赚数千万,7973014,2025-06-27 00:55:19.187434
7,这些腐蚀牙齿的饮料你可能每天都喝,7904948,2025-06-27 00:55:19.187434
8,工人徒手掰断钢筋？河北通报,7959384,2025-06-27 00:55:19.187434
9,小米YU7 3分钟大定突破200000台,7972786,2025-06-27 00:55:19.187434
10,吃2颗荔枝后测出“酒驾” 交警回应,7945976,2025-06-27 00:55:19.187434
